n-gram_size,whole_string-avg_correct,whole_string-avg_incorrect,partial_string-avg_correct,partial_string-avg_incorrect
12,47.157550129185296,52.842449870814704,47.5503545974069,52.449645402593084
12,47.349424698812925,52.65057530118708,47.10676403891088,52.89323596108912
