n-gram_size,whole_string-avg_correct,whole_string-avg_incorrect,partial_string-avg_correct,partial_string-avg_incorrect
7,55.53125,44.46875,55.59375,44.40625
7,59.34375,40.65625,59.4375,40.5625
7,63.71875,36.28125,62.9375,37.0625
7,70.84375,29.15625,72.40625,27.59375
7,80.15625,19.84375,79.875,20.125
7,73.84375,26.15625,77.5625,22.4375
7,69.40625,30.59375,70.90625,29.09375
7,68.53125,31.46875,70.84375,29.15625
