n-gram_size,whole_string-avg_correct,whole_string-avg_incorrect,partial_string-avg_correct,partial_string-avg_incorrect
15,46.071968469465716,53.9280315305343,46.14076154348682,53.85923845651321
15,45.785878308236505,54.21412169176351,46.18972658989345,53.810273410106554
15,45.690117233320805,54.30988276667921,46.23375556796026,53.76624443203977
15,46.40561436462439,53.59438563537566,46.22218829043081,53.777811709569235
15,46.0296087951928,53.97039120480725,45.845309100737374,54.15469089926265
